{
  "VideoFolder": "",
  "FileExtensions": [
    ".mp4",
    ".mov",
    ".webm"
  ],
  "MoveWhen": "both_succeeded",
  "RetryMaxAttempts": 3,
  "RetryBaseBackoffSeconds": 10,
  "RetryMaxBackoffSeconds": 300,
  "SchedulingEnabled": false,
  "SchedulingStartAtLocal": "",
  "SchedulingIntervalMinutes": 60,
  "YouTubeEnabled": true,
  "YouTubeClientSecretsFile": "youtube_client_secret.json",
  "YouTubeTokenFile": "youtube_token.json",
  "YouTubePrivacyStatus": "public",
  "YouTubeCategoryId": "22",
  "YouTubeTitleTemplate": "{stem} #Shorts",
  "YouTubeDescriptionTemplate": "",
  "YouTubeTags": [
    "Shorts"
  ],
  "TikTokEnabled": true,
  "TikTokPrivacyLevel": "PUBLIC_TO_EVERYONE",
  "TikTokIsAigc": false,
  "TikTokCaptionTemplate": "{stem}",
  "TikTokDisableComment": false,
  "TikTokDisableDuet": false,
  "TikTokDisableStitch": false,
  "TikTokCoverTimestampMs": 1000,
  "TikTokCommercialToggle": false,
  "TikTokCommercialYourBrand": false,
  "TikTokCommercialBrandedContent": false,
  "PlanningEnabled": false,
  "PlanningStartDate": "",
  "PlanningDays": 7,
  "PlanningVideosPerDay": 2,
  "PlanningTimesCsv": "10:00,18:00",
  "PlanningTimezoneId": "",
  "UsePlatformScheduling": false,
  "TikTokClientKey": "",
  "TikTokClientSecret": "",
  "TikTokScopesCsv": "user.info.basic,video.publish",
  "TikTokRedirectHost": "127.0.0.1",
  "TikTokRedirectPort": 0,
  "TikTokRedirectPath": "/callback/"
}